id,park_id,park_name,park_address,area_code,has_outdoor,has_indoor,outdoor_fountain_count,outdoor_bottle_fillers,indoor_fixture_count,total_fixture_count,outdoor_remediated_count,indoor_remediated_count,outdoor_ever_elevated_count,indoor_ever_elevated_count,total_ever_elevated_count,max_lead_ever_ppb,lat,lng
0,0001,39th Street Service Yard,3501 S COTTAGE GROVE AVE,C6,0,1,0,0,2,2,0,2,0,1,1,51.1,41.831149520694,-87.610511723244
1,0002,McGuane,2901 S POPLAR AVE,C5,1,1,6,0,10,16,1,1,0,1,1,22.0,41.841358798808,-87.649614030995
2,0003,Armour Square,3309 S SHIELDS AVE,C5,1,1,9,0,7,16,2,0,2,0,2,41.4,41.834351387772,-87.635149041733
3,0004,Fuller,331 W 45TH ST,C5,1,1,8,2,6,14,2,0,0,0,0,5.4,41.812529005778,-87.635392838241
4,0005,Cornell Square,1809 W 50TH ST,C4,1,1,5,0,2,7,2,0,0,0,0,8.7,41.803040721378,-87.66980173673
5,0006,Russell Square,3045 E 83RD ST,S6,1,1,10,3,3,13,3,0,1,0,1,42.0,41.744617807545,-87.550006075532
6,0007,Sherman,1301 W 52ND ST,S2,1,1,13,2,6,19,4,0,0,0,0,2.0,41.799534865706,-87.657519607223
7,0008,Ogden,6500 S RACINE AVE,S2,1,1,15,2,4,19,3,0,0,0,0,8.2,41.775917837082,-87.654476172219
8,0009,Hamilton,513 W 72ND ST,S2,1,1,11,2,4,15,2,1,0,0,0,2.0,41.763432500133,-87.637437701148
9,0010,Marquette,6734 S KEDZIE AVE,S4,1,1,19,2,7,26,5,0,1,0,1,20.9,41.770829969088,-87.703030036034
10,0011,Calumet,9801 S AVENUE G,S6,1,1,19,2,11,30,5,0,0,2,2,75.0,41.718475782421,-87.530677652676
11,0012,Bessemer,8930 S MUSKEGON AVE,S6,1,1,10,2,4,14,3,0,0,0,0,11.0,41.733093673323,-87.555553106215
12,0013,Palmer,201 E 111TH ST,S5,1,1,12,1,6,18,1,0,1,0,1,40.0,41.692597593414,-87.618183601341
13,0014,Davis Square,4430 S MARSHFIELD AVE,C4,1,1,4,0,8,12,1,0,0,0,0,4.1,41.81346653851,-87.666402777566
14,0015,Grand Crossing,7655 S INGLESIDE AVE,S5,1,1,8,0,4,12,1,0,3,0,3,93.5,41.755602650724,-87.60157276762
15,0016,Trumbull,2400 E 105TH ST,S6,1,1,13,0,8,21,5,0,0,2,2,72.3,41.704633952743,-87.565573885311
16,0017,Mann,2949 E 131ST ST,S6,1,1,6,0,8,14,0,0,2,7,9,508.0,41.657298884379,-87.552330473392
17,0018,Tuley,501 E 90TH PL,S5,1,1,9,0,2,11,1,0,0,0,0,2.0,41.73100887496,-87.611879994688
18,0019,Jackson (Andrew),6401 S STONY ISLAND AVE,S3,1,1,20,0,4,24,1,1,2,1,3,183.0,41.778709726151,-87.586341303178
19,0021,Washington,5531 S DR MARTIN LUTHER KING J,S3,1,1,19,2,13,32,7,1,1,7,8,203.0,41.793762939202,-87.6158764182
20,0022,Gage,2415 W 55TH ST,S2,1,1,13,2,11,24,2,0,1,4,5,147.0,41.793765868314,-87.686657742013
21,0023,McKinley,2210 W PERSHING RD,C5,1,1,15,3,5,20,3,0,0,0,0,10.5,41.823134346922,-87.677856728743
22,0024,Grant,331 E RANDOLPH ST,C3,1,1,70,3,3,73,7,0,6,0,6,92.3,41.884251849109,-87.620392421224
23,0026,Foster,1440 W 84TH ST,S2,1,1,8,0,7,15,1,0,0,0,0,4.0,41.7406265,-87.704978
24,0027,Burnham,425 E MCFETRIDGE DR,,1,0,47,2,0,47,3,0,1,0,1,47.2,41.864919852276,-87.617746636022
25,0029,Avalon,1215 E 83RD ST,S6,1,1,9,1,8,17,3,1,2,2,4,35.1,41.744009966288,-87.596960242975
26,0033,Rainey,4350 W 79TH ST,,1,0,2,0,0,2,0,0,0,0,0,5.1,41.749401105351,-87.730490582901
27,0034,Northerly Island,1521 S LINN WHITE DR,C3,1,1,5,1,5,10,1,1,0,1,1,50.1,41.861404423564,-87.610018902737
28,0040,Gompers,4222 W FOSTER AVE,N4,1,1,15,2,11,26,4,3,1,1,2,33.9,41.9758471,-87.7344154
29,0041,Eugene Field,5100 N RIDGEWAY AVE,N4,1,1,6,0,4,10,0,0,0,1,1,20.3,41.97378425668,-87.722142266007
30,0045,Ada,11250 S ADA ST,S5,1,1,4,0,3,7,1,0,0,0,0,2.0,41.6882676,-87.6559784
31,0047,Crescent,2230 W 108TH PL,,1,0,3,0,0,3,0,0,0,0,0,2.0,41.696699656334,-87.67926226866
32,0048,Kennedy,11320 S WESTERN AVE,S4,1,1,12,3,3,15,3,0,2,0,2,103.0,41.687909575311,-87.681107199676
33,0059,Oriole,5430 N OLCOTT AVE,N1,1,1,6,1,2,8,1,0,0,0,0,11.3,41.979995437772,-87.676593715939
34,0060,Olympia,6566 N AVONDALE AVE,N1,1,1,9,2,3,12,3,0,0,0,0,12.0,41.999706393676,-87.815092049465
35,0061,Brooks (Oscar),7100 N HARLEM AVE,N1,1,1,3,1,3,6,1,0,0,0,0,2.0,42.010274449754,-87.806729383251
36,0062,Edison,6755 N NORTHWEST HWY,N1,0,1,0,0,2,2,0,0,0,2,2,22.5,42.003840214926,-87.817717567973
37,0065,Fernwood,10436 S WALLACE ST,S5,1,1,1,0,4,5,0,0,0,0,0,8.5,41.704476613105,-87.637980312185
38,0066,Euclid,9800 S PARNELL AVE,S5,1,1,4,0,2,6,1,0,1,0,1,196.0,41.71582757631,-87.637074673035
39,0070,Forest Glen,5073 W BERWYN AVE,,1,0,2,0,0,2,0,0,0,0,0,4.1,41.977818440436,-87.753206576468
40,0075,Hollywood,3312 W THORNDALE AVE,N3,1,1,1,0,1,2,0,0,0,1,1,34.5,41.988538109847,-87.712230871209
41,0080,Athletic Field,3546 W ADDISON ST,N4,1,1,3,0,1,4,0,0,0,0,0,5.2,41.946570171383,-87.716942914157
42,0081,Avondale,3516 W SCHOOL ST,N4,1,1,4,1,3,7,1,0,0,0,0,15.0,41.941145093849,-87.714044755967
43,0082,Jensen,4600 N LAWNDALE AVE,,1,0,4,0,0,4,0,0,0,0,0,2.0,41.964734853078,-87.720665837897
44,0083,Independence,3945 N SPRINGFIELD AVE,N4,1,1,3,0,8,11,0,0,0,0,0,2.2,41.952274050424,-87.724990476825
45,0084,Kilbourn,3501 N KILBOURN AVE,N4,1,1,7,2,5,12,2,0,0,0,0,5.7,41.944470012053,-87.739578357206
46,0085,Kolmar,4143 N KOLMAR AVE,,1,0,1,0,0,1,0,0,1,0,1,24.4,41.956206831805,-87.741754181111
47,0086,Mayfair,4550 W SUNNYSIDE AVE,N4,1,1,3,0,3,6,0,2,0,2,2,253.0,41.962670789973,-87.741986828561
48,0091,Rosedale,6312 W ROSEDALE AVE,N1,1,1,4,0,2,6,0,0,0,0,0,2.9,41.988478431887,-87.78533928809
49,0093,Gladstone,5421 N MENARD AVE,N1,1,1,3,0,1,4,0,0,0,0,0,7.7,41.979101094283,-87.773176600613
50,0094,Thomas Jefferson Memorial,4822 N LONG AVE,N1,1,1,5,0,5,10,0,0,0,3,3,145.0,41.968391506066,-87.762535043746
51,0095,Roberts Square,5230 W ARGYLE ST,,1,0,1,0,0,1,0,0,0,0,0,,41.971619650581,-87.758433658151
52,0100,Lincoln,2045 N LINCOLN PARK WEST,N5,1,1,116,8,19,135,14,0,4,3,7,421.0,41.919595097976,-87.636320083474
53,0103,Chase,4701 N ASHLAND AV,N6,1,1,8,1,4,12,0,0,0,0,0,5.2,41.967114250384,-87.66932020061
54,0104,Emmerson,1820 W GRANVILLE AVE,N3,1,1,1,0,2,3,1,0,0,0,0,8.5,41.9947392,-87.6763651
55,0105,Goudy Square,1255 N ASTOR ST,,1,0,3,0,0,3,0,0,0,0,0,2.0,41.905085463282,-87.627051273246
56,0106,Hamlin,3035 N HOYNE AVE,N6,1,1,6,1,3,9,3,0,0,0,0,12.6,41.936555673438,-87.680616564632
57,0107,Lake Shore,808 N LAKE SHORE DR,C3,1,1,3,0,3,6,0,0,0,1,1,19.5,41.897072943894,-87.617295083861
58,0108,Seward,375 W ELM ST,C3,1,1,3,0,4,7,0,0,0,0,0,2.0,41.902650479367,-87.639696881072
59,0109,Stanton,618 W SCOTT ST,C3,1,1,3,0,4,7,2,0,0,0,0,2.0,41.905079947754,-87.644962100363
60,0110,Welles,2333 W SUNNYSIDE AVE,N3,1,1,9,1,11,20,1,0,0,1,1,32.0,41.963106381175,-87.686832694782
61,0115,Loyola,1230 W GREENLEAF AVE,N5,1,1,5,1,6,11,0,0,0,2,2,109.0,42.010457549558,-87.661967717955
62,0120,Kosciuszko,2732 N AVERS AVE,N2,1,1,8,1,4,12,0,1,1,0,1,19.4,41.930500709353,-87.723353002606
63,0121,Bell,3020 N OAK PARK AVE,N2,1,1,1,0,1,2,0,0,0,0,0,6.4,41.93493264937,-87.795671165137
64,0122,Blackhawk,2318 N LAVERGNE AVE,N2,1,1,3,1,6,9,1,0,0,0,0,4.5,41.922475000695,-87.75125315228
65,0123,Riis,6100 W FULLERTON AVE,N2,1,1,11,1,4,15,3,0,0,0,0,9.5,41.92384652309,-87.778226942057
66,0124,Simons,1640 N DRAKE AVE,N2,1,1,3,1,2,5,1,0,0,0,0,6.4,41.911084131841,-87.715040186918
67,0125,Hermosa,2240 N KILBOURN AVE,N2,1,1,2,0,2,4,0,0,0,0,0,3.1,41.921330491072,-87.738987092781
68,0126,Kelvyn,4438 W WRIGHTWOOD AVE,N2,1,1,4,1,3,7,2,0,0,0,0,2.0,41.928532590342,-87.737679749395
69,0127,Rutherford Sayre,6871 W BELDEN AVE,N2,1,1,5,0,4,9,0,0,0,2,2,52.9,41.9207484,-87.7969766
70,0128,Mozart,2036 N AVERS AVE,N2,0,1,0,0,3,3,0,0,0,0,0,2.2,41.918183101772,-87.722994737924
71,0129,Amundsen,6200 W BLOOMINGDALE AVE,N2,1,1,3,0,6,9,0,1,0,0,0,5.5,41.912896444541,-87.780774695868
72,0130,Galewood,5729 W BLOOMINGDALE AVE,,1,0,1,0,0,1,0,0,0,0,0,2.0,41.9125568526,-87.77000921712
73,0131,Cragin,2611 N LOCKWOOD AVE,N2,1,1,3,0,2,5,1,0,0,0,0,4.1,41.927836659636,-87.758667520227
74,0132,Greenebaum,4300 W WABANSIA AVE,,1,0,5,0,0,5,0,0,0,0,0,2.0,41.911651523332,-87.735013439877
75,0140,Pleasant Point,6813 W IMLAY ST,,1,0,3,0,0,3,0,0,0,0,0,2.6,41.998582059027,-87.798370440096
76,0141,Norwood,5801 N NATOMA AVE,N1,1,1,10,1,8,18,4,0,1,0,1,53.2,41.985780719636,-87.793741764904
77,0145,Wilson (Frank),4630 N MILWAUKEE AVE,N1,1,1,6,1,2,8,2,0,0,1,1,15.9,41.964528105601,-87.757942737927
78,0146,Chopin,3420 N LONG AVE,N1,1,1,7,0,1,8,1,0,0,0,0,4.1,41.942412553258,-87.761795557824
79,0147,Portage,4100 N LONG AVE,N1,1,1,15,1,10,25,3,0,0,0,0,7.4,41.955122267738,-87.76221505769
80,0148,Shabbona,6935 W ADDISON,N2,1,1,8,1,10,18,1,1,2,0,2,146.0,41.945334848694,-87.800337151064
81,0156,Jacob,4674 N VIRGINIA AVE,,1,0,2,0,0,2,0,0,0,0,0,2.0,41.966395288814,-87.69775405055
82,0159,Ravenswood Manor,4626 N MANOR AVE,,1,0,1,0,0,1,0,0,0,0,0,2.0,41.966316761163,-87.701275553785
83,0165,Indian Boundary,2500 W LUNT AVE,N3,1,1,5,1,5,10,1,2,0,3,3,63.2,42.008679342282,-87.691774454464
84,0166,Pottawattomie,7340 N ROGERS AVE,N5,1,1,5,0,5,10,0,0,1,0,1,63.1,42.014357445782,-87.678942118167
85,0167,Chippewa,6758 N SACRAMENTO AVE,N3,1,1,3,1,2,5,1,0,0,0,0,7.1,42.003717390596,-87.704681742196
86,0175,Ridge,1817 W 96TH ST,S4,1,1,7,1,11,18,2,0,3,2,5,87.6,41.7194029,-87.6679535
87,0176,Cosme,9201 S LONGWOOD DR,,1,0,2,0,0,2,0,0,0,0,0,2.0,41.726874525876,-87.668215988183
88,0177,Brainerd,1246 W 92ND ST,S5,1,1,7,1,4,11,1,0,0,1,1,20.8,41.72684846947,-87.655194751353
89,0178,Hurley,1901 W 100TH ST,,1,0,3,0,0,3,1,0,0,0,0,2.0,41.711982881394,-87.668972007734
90,0179,Graver,1518 W 102ND PL,S4,1,1,1,0,2,3,0,0,0,0,0,2.0,41.707333296091,-87.661494394108
91,0185,Revere,2509 W IRVING PARK RD,N4,1,1,9,3,8,17,3,2,0,0,0,2.6,41.953956841112,-87.691039544747
92,0186,River,5100 N FRANCISCO AVE,N3,1,1,11,0,2,13,0,0,0,0,0,2.0,41.974032163428,-87.701378453327
93,0187,Brands,3285 N ELSTON AVE,N4,1,1,6,1,4,10,1,0,0,1,1,15.6,41.94098359364,-87.700525013528
94,0188,Green Briar,2650 W PETERSON AVE,N3,1,1,4,1,3,7,1,0,2,0,2,16.2,41.990519614885,-87.696141603926
95,0189,California,3843 N CALIFORNIA AVE,N4,1,1,6,0,4,10,1,2,0,0,0,3.2,41.951116581291,-87.698080313909
96,0195,Sauganash,5861 N KOSTNER AVE,N4,1,1,5,1,2,7,1,0,0,0,0,2.0,41.987504140914,-87.738227636039
97,0201,LaFollette,1333 N LARAMIE AVE,C1,1,1,10,1,4,14,1,0,0,1,1,22.2,41.904675774169,-87.75575545253
98,0202,Franklin,4320 W 15TH ST,C2,1,1,5,1,6,11,2,0,0,0,0,7.1,41.860642450811,-87.732871290923
99,0203,Holstein,2200 N OAKLEY AVE,N6,1,1,4,0,4,8,1,1,0,0,0,4.6,41.852003801304,-87.68326271197
100,0204,Garfield,100 N CENTRAL PARK DR,C2,1,1,16,2,20,36,7,1,0,1,1,16.2,41.88160978947,-87.7158964501
101,0205,Sheridan,910 S ABERDEEN ST,C3,1,1,3,1,7,10,1,0,0,2,2,63.1,41.871536278241,-87.654293187693
102,0206,Altgeld,515 S WASHTENAW AVE,C2,1,1,4,0,7,11,1,3,0,3,3,100.0,41.874716809615,-87.693645896064
103,0207,Austin Town Hall,5610 W LAKE ST,C2,1,1,1,0,16,17,0,0,0,1,1,17.6,41.887789310854,-87.765492049622
104,0208,Eckhart,1330 W CHICAGO AVE,C1,1,1,5,1,6,11,1,1,0,0,0,3.7,41.896243850848,-87.660134690672
105,0209,Columbus,500 S CENTRAL AVE,C2,1,1,14,1,5,19,5,0,4,0,4,27.3,41.873765897662,-87.76469934449
106,0210,Union,1501 W RANDOLPH ST,C3,1,1,9,2,4,13,3,3,1,2,3,52.3,41.884932021778,-87.664732323252
107,0211,Skinner,1331 W MONROE ST,C3,1,1,9,0,1,10,0,0,0,0,0,2.0,41.880223549083,-87.660301256522
108,0212,Shedd,3660 W 23RD ST,C4,1,1,1,0,5,6,0,0,0,1,1,26.1,41.849887451744,-87.716520537706
109,0213,Harrison,1824 S WOOD ST,C3,1,1,5,0,6,11,0,0,0,0,0,5.2,41.857130634738,-87.671160824951
110,0214,Wicker,1425 N DAMEN AVE,C1,1,1,7,1,2,9,2,0,0,0,0,9.4,41.90744585774,-87.677302858091
111,0215,Arrigo,801 S LOOMIS ST,,1,0,2,0,0,2,0,0,0,0,0,3.8,41.871194293012,-87.661620912437
112,0216,Dvorak,1119 W CULLERTON ST,C6,1,1,9,0,3,12,1,0,3,0,3,310.0,41.855174782084,-87.653889179399
113,0217,Pulaski,1419 W BLACKHAWK ST,C1,1,1,5,0,4,9,1,0,0,1,1,35.6,41.906985847624,-87.663702942287
114,0218,Douglass,1401 S SACRAMENTO,C2,1,1,11,1,2,13,3,0,0,0,0,8.1,41.865115820387,-87.702039748468
115,0219,Humboldt,1400 N HUMBOLDT DR,C1,1,1,33,2,3,36,8,0,0,0,0,3.9,41.90548790849,-87.701625251296
116,0225,West Pullman,400 W 123RD ST,S5,1,1,4,0,7,11,0,0,0,0,0,3.8,41.670677529396,-87.633932995451
117,0227,Senn,5887 N RIDGE AVE,,1,0,6,0,0,6,0,0,2,0,2,36.4,41.987995485502,-87.667089122879
118,0228,Horner,2741 W MONTROSE AVE,N4,1,1,20,3,11,31,2,1,0,0,0,6.6,41.961198551444,-87.697760568911
119,0229,Hiawatha,8029 W FOREST PRESERVE AVE,N2,1,1,4,0,3,7,1,0,0,0,0,7.5,41.944204532237,-87.827196450746
120,0230,Piotrowski,4247 W 31ST ST,C4,1,1,12,1,7,19,3,0,0,0,0,14.7,41.836749863404,-87.731001108323
121,0231,Rosenblum,7547 S EUCLID AVE,,1,0,7,0,0,7,3,0,0,0,0,2.0,41.7651905,-87.5781203
122,0233,Vittum,5010 W 50TH ST,C4,1,1,5,1,5,10,1,0,0,2,2,52.5,41.802112405863,-87.749855272336
123,0234,Hale,6258 W 62ND ST,S1,1,1,7,1,4,11,2,0,0,0,0,4.7,41.779642758657,-87.77739849549
124,0235,Oakdale,965 W 95TH ST,S4,1,1,3,0,3,6,0,0,0,0,0,9.4,41.721269597135,-87.648173646001
125,0236,Robinson,10540 S MORGAN ST,S5,1,1,4,0,2,6,0,0,4,0,4,62.0,41.702658957559,-87.647641237045
126,0237,Owens,8800 S CLYDE,S6,1,1,6,1,5,11,1,0,3,0,3,65.6,41.736093036739,-87.573350503285
127,0238,Wentworth,5625 S MOBILE AVE,S1,1,1,6,1,3,9,2,0,0,0,0,3.5,41.7895478,-87.7788976
128,0239,Dawes,8052 S DAMEN AV,S4,1,1,3,0,2,5,0,0,0,0,0,3.2,41.747191331251,-87.673132327544
129,0240,Rogers,7345 N WASHTENAW AVE,,1,0,2,0,0,2,0,0,0,0,0,14.8,42.014968099932,-87.697222099556
130,0241,Mather,5941 N RICHMOND ST,N3,1,1,6,1,2,8,1,0,0,1,1,49.3,41.990138239976,-87.702953888279
131,0242,Hayes,2936 W 85TH ST,S4,1,1,4,1,11,15,2,0,0,1,1,25.9,41.738756798723,-87.697634660224
132,0243,Lindblom,6054 S DAMEN AVE,S2,1,1,6,1,3,9,1,1,0,0,0,2.0,41.783803282425,-87.674099814659
133,0244,Gately,810 E 103RD ST,S6,1,1,6,2,11,17,2,0,0,0,0,2.0,41.707543469954,-87.6038378915
134,0245,West Lawn,4233 W 65TH ST,S1,1,1,13,0,7,20,4,1,0,4,4,85.9,41.774892873866,-87.72826630983
135,0246,Touhy,7348 N PAULINA ST,N5,1,1,3,0,2,5,0,0,0,0,0,2.4,42.014527237673,-87.672510026518
136,0247,Pasteur,5825 S KOSTNER AVE,S1,1,1,4,1,1,5,1,0,1,0,1,3830.0,41.787295529341,-87.732709589997
137,0248,Rowan,11546 S AVENUE L,S6,1,1,5,1,3,8,2,0,0,0,0,4.1,41.685526702201,-87.536548458326
138,0249,West Chatham,8223 S PRINCETON AVE,S2,1,1,3,0,2,5,1,0,0,0,0,2.4,41.744235716129,-87.63162801872
139,0250,Archer,4901 S KILBOURN AVE,C4,1,1,7,0,4,11,1,0,0,0,0,6.5,41.803811035025,-87.735632831279
140,0251,Mount Greenwood,3721 W 111TH ST,S4,1,1,13,2,5,18,2,0,1,1,2,933.0,41.691309208746,-87.713359427214
141,0254,Beverly,2460 W 102ND ST,S4,1,1,8,1,1,9,2,0,0,0,0,2.0,41.708254474236,-87.683479751216
142,0255,Carver,939 E 132ND ST,S6,1,1,4,0,7,11,0,1,1,2,3,158.0,41.655803495243,-87.600109323758
143,0256,Merrimac,6343 W IRVING PARK RD,N1,1,1,7,0,5,12,0,0,0,0,0,7.4,41.952878831262,-87.785172064422
144,0257,Wildwood,6950 N HIAWATHA AVE,,1,0,3,1,0,3,1,0,0,0,0,2.0,42.007032855304,-87.777915099985
145,0258,Dunham,4640 N MELVINA AVE,N1,1,1,6,1,4,10,1,0,0,2,2,109.0,41.965975995147,-87.782047123795
146,0259,Abbott,49 E 95TH ST,S5,1,1,6,1,4,10,2,0,0,0,0,14.6,41.721711614943,-87.621406331397
147,0260,Kelly,2725 W 41ST ST,,1,0,7,1,0,7,2,0,1,0,1,15.2,41.819230008465,-87.694119014613
148,0261,Williams,2710 S DEARBORN ST,C6,1,1,6,0,3,9,2,0,0,0,0,2.0,41.844220960204,-87.628521665013
149,0264,Bogan,3939 W 79TH ST,S1,1,1,3,0,2,5,1,1,0,1,1,16.8,41.749473775858,-87.719802405771
150,0265,Scottsdale,4637 W 83RD ST,S1,1,1,1,0,3,4,0,0,0,0,0,2.0,41.741970911441,-87.736201305433
151,0267,Dunbar,300 E 31ST ST,,1,0,11,1,0,11,2,0,0,0,0,2.0,41.838439448373,-87.620560352894
152,0268,Durkin,8445 S KOLIN AVE,,1,0,3,0,0,3,0,0,0,0,0,2.0,41.739376446611,-87.730007983721
153,0270,Cole,361 E 85TH ST,S3,1,1,4,0,3,7,0,0,0,0,0,5.3,41.740084974265,-87.615696421122
154,0271,Taylor,39 W 47TH ST,C6,1,1,4,0,6,10,1,1,0,3,3,38.2,41.809154313486,-87.627478325086
155,0272,Smith (Wendell),9912 S PRINCETON AVE,S5,1,1,4,1,2,6,2,0,0,0,0,5.5,41.713677476836,-87.630956741099
156,0273,Lerner,7000 N SACRAMENTO AVE,,1,0,5,1,0,5,1,0,0,0,0,2.0,42.011123477724,-87.704547881793
157,0274,Legion,3100 W BRYN MAWR AVE,,1,0,2,0,0,2,0,0,2,0,2,115.0,41.983132428485,-87.708239295057
158,0275,Ronan,3000 W ARGYLE ST,,1,0,3,0,0,3,0,0,0,0,0,2.0,41.972188430109,-87.703856284202
159,0277,Nichols,1355 E 53RD ST,S3,1,1,6,0,4,10,0,1,0,1,1,28.9,41.799446541355,-87.59232412652
160,0278,Houston,5001 S COTTAGE GROVE AVE,,1,0,2,0,0,2,0,0,0,0,0,5.5,41.804026887861,-87.606370549801
161,0279,Elm,5215 S WOODLAWN AVE,,1,0,1,0,0,1,0,0,0,0,0,2.0,41.800779726369,-87.596595715398
162,0280,Spruce,5337 S BLACKSTONE AVE,,1,0,1,0,0,1,0,0,0,0,0,6.8,41.799330121248,-87.590354861294
163,0283,Ehrler,2230 W CORTLAND ST,,1,0,3,1,0,3,1,0,0,0,0,2.0,41.916177536671,-87.683198858185
164,0285,Austin Foster,6020 W FOSTER AVE,,1,0,2,0,0,2,0,0,0,0,0,4.3,41.975725433716,-87.779136082537
165,0286,Wentworth Gardens,3770 S WENTWORTH AVE,C5,1,1,3,0,3,6,0,0,1,0,1,107.0,41.825806443842,-87.631442362619
166,0287,Cooper,1332 W 117TH ST,S5,1,1,3,0,2,5,0,0,0,1,1,22.2,41.681322570676,-87.655520642592
167,0289,Brown Meml.,634 E 86TH ST,,1,0,1,0,0,1,1,0,0,0,0,2.0,41.738476464912,-87.608993506438
168,0290,South Lakeview,1300 W WOLFRAM ST,,1,0,2,0,0,2,0,0,0,0,0,2.6,41.933477841597,-87.661472836877
169,0293,Unity,2636 N KIMBALL AVE,,1,0,4,0,0,4,0,0,0,0,0,2.0,41.929347305398,-87.712304226968
170,0294,Hasan,6855 S OGLESBY AVE,,1,0,2,0,0,2,0,0,0,0,0,2.0,41.770714561116,-87.568189203422
171,0305,Le Claire Courts,5116 W 44TH ST,C4,1,1,2,0,5,7,1,0,0,0,0,10.1,41.813036360625,-87.7526278819
172,0306,Dubkin,7442 N ASHLAND Blvd,,1,0,2,0,0,2,0,0,0,0,0,2.0,42.017288481578,-87.670403920675
173,0307,Minuteman,5940 S CENTRAL AVE,,1,0,5,0,0,5,0,0,2,0,2,121.0,41.784410120176,-87.762059645959
174,0308,Linden,1139 N PULASKI RD,,1,0,1,0,0,1,0,0,0,0,0,2.0,41.902035459958,-87.726206627638
175,0309,Senka,5656 S ST LOUIS AVE,,1,0,11,0,0,11,0,0,1,0,1,30.7,41.790550295171,-87.71090166596
176,0320,Robichaux,9247 S EGGLESTON AVE,S5,1,1,4,1,5,9,2,0,0,1,1,16.6,41.72565853417,-87.634787081728
177,0321,Aspen,4237 S WABASH AVE,,1,0,2,0,0,2,1,0,0,0,0,2.0,41.81764231415,-87.624603781529
178,0322,Birch,427 E 45TH ST,,1,0,2,0,0,2,1,0,0,0,0,3.4,41.812976388907,-87.615167363506
179,0324,Harsh,4464 S OAKENWALD AVE,,1,0,2,0,0,2,0,0,1,0,1,15.2,41.813925789399,-87.595340997952
180,0325,Holly,4052 S ELLIS AVE,,1,0,2,0,0,2,0,0,0,0,0,2.0,41.820835577492,-87.603207245789
181,0328,Beehive,6156 S DORCHESTER AVE,,1,0,2,0,0,2,0,0,0,0,0,2.0,41.78292026445,-87.591479150328
182,0334,King (Martin Luther),1200 W 77TH ST,S2,1,1,2,0,2,4,0,0,0,0,0,2.0,41.754178893794,-87.654921856143
183,0335,Edgebrook,6525 N HIAWATHA AVE,,1,0,2,0,0,2,0,0,0,0,0,2.0,41.999392908722,-87.761809310143
184,0339,Pendleton,4347 S CALUMET AVE,,1,0,3,0,0,3,0,0,0,0,0,2.0,41.815759585291,-87.618248681567
185,0344,Dogwood,2734 W POLK ST,,1,0,2,0,0,2,0,0,0,0,0,2.0,41.871136446862,-87.694238195981
186,0351,Honeysuckle,4637 S CHAMPLAIN AVE,,1,0,2,0,0,2,0,0,0,0,0,,41.810814200187,-87.610171487737
187,0353,Hornbeam,1422 S HAMLIN AVE,,1,0,1,0,0,1,0,0,1,0,1,31.4,41.861784652854,-87.720239406171
188,0360,Lin (Margaret Hie Ding),1735 S STATE ST,,1,0,3,1,0,3,0,0,0,0,0,2.0,41.85857557947,-87.627062755026
189,0362,Brooks (Gwendolyn),4542 S GREENWOOD AVE,,1,0,2,0,0,2,0,0,0,0,0,15.0,41.812937723947,-87.599407741941
190,0363,Burnside,9400 S GREENWOOD AVE,,1,0,3,0,0,3,0,0,0,0,0,2.0,41.7555008,-87.598012
191,0364,Gill,825 W SHERIDAN RD,N6,1,1,3,0,11,14,0,0,0,0,0,10.3,41.952681108925,-87.650044883831
192,0365,Bauler,517 W WISCONSIN ST,,1,0,1,0,0,1,0,0,0,0,0,8.2,41.916410776445,-87.641716733686
193,0366,DeJulio,6056 N LANDERS AVE,,1,0,2,0,0,2,0,0,0,0,0,,41.991902075686,-87.752462801003
194,0370,Stars & Stripes,5100 S NORDICA AVE,,1,0,3,0,0,3,0,0,0,0,0,2.0,41.798696191338,-87.797984740027
195,0371,Valley Forge,7001 W 59TH ST,S1,1,1,3,0,5,8,0,0,0,0,0,3.8,41.784718200441,-87.796259785984
196,0373,Blackwelder,11500 S HOMEWOOD AVE,,1,0,3,0,0,3,0,0,0,0,0,2.0,41.684622217405,-87.670435521025
197,0385,Buttercup,4913 N SHERIDAN RD,,1,0,3,0,0,3,0,0,0,0,0,2.0,41.971838099338,-87.654811890126
198,0386,Jackson (Mahalia),8385 S BIRKHOFF AVE,,1,0,1,0,0,1,0,0,0,0,0,5.2,41.74190311702,-87.639291598143
199,0387,Hoard,7201 S DOBSON AVE,,1,0,1,0,0,1,0,0,0,0,0,6.1,41.764066920239,-87.599359571054
200,0389,Snowberry,1855 W HURON ST,,1,0,1,0,0,1,0,0,0,0,0,2.0,41.894096397148,-87.673454540015
201,0391,Edmonds,711 W 60TH PL,,1,0,2,0,0,2,0,0,0,0,0,,41.784165793636,-87.642798292138
202,0392,Juniper,3656 N GREENVIEW AVE,,1,0,3,0,0,3,1,0,0,0,0,2.0,41.948176664111,-87.666544135176
203,0393,Walsh,1722 N ASHLAND AVE,,1,0,10,2,0,10,2,0,0,0,0,2.0,41.913091493028,-87.667835473516
204,0397,Grove,8421 S MORGAN AVE,,1,0,2,0,0,2,0,0,0,0,0,2.0,41.741057525364,-87.648544701193
205,0398,Sheil Community Center,3505 N SOUTHPORT AVE,N6,1,1,1,0,4,5,0,0,0,0,0,6.2,41.945409691818,-87.663894951266
206,0399,Park 399,1420 N ARTESIAN AVE,,1,0,2,0,0,2,0,0,0,0,0,2.0,41.90706169172,-87.688440540833
207,0400,Claremont,2342 W FLOURNOY ST,,1,0,3,0,0,3,0,0,0,0,0,3.6,41.873100592655,-87.684615362797
208,0412,Churchill Field,1825 N DAMEN AVE,,1,0,6,0,0,6,0,0,0,0,0,2.0,41.915270776526,-87.677489313617
209,0423,Oz,2021 N BURLING ST,,1,0,9,2,0,9,2,0,0,0,0,2.0,41.919052388742,-87.647255770813
210,0425,Noethling,2645 N SHEFFIELD AVE,,1,0,1,0,0,1,0,0,0,0,0,2.0,41.929984004534,-87.653690002609
211,0427,Ashmore,4807 W GUNNISON ST,,1,0,1,0,0,1,0,0,1,0,1,21.8,41.968869113921,-87.748280601388
212,0428,Warren,6621 N WESTERN AVE,N3,1,1,10,2,5,15,5,1,1,1,2,50.9,42.001778107174,-87.689910745909
213,0429,South Shore,7059 S SOUTH SHORE DR,S3,1,1,2,0,10,12,0,0,0,0,0,9.3,41.77250114479,-87.566539016001
214,0431,Flower,2554 W MOFFAT ST,,1,0,3,0,0,3,0,0,0,0,0,2.0,41.91488020588,-87.691120960365
215,0435,Bromann,5400 N BROADWAY,,1,0,3,0,0,3,0,0,0,0,0,2.0,41.98002637824,-87.660045690373
216,0443,McInerney,4446-58 S EMERALD AVE,,1,0,3,1,0,3,1,0,0,0,0,2.0,41.813341554892,-87.644528049154
217,0448,Metcalfe,4196 S STATE ST,,1,0,3,0,0,3,1,0,1,0,1,368.0,41.818686785788,-87.626407241877
218,0450,Lazarus,1257 W COLUMBIA AVE,,1,0,3,1,0,3,1,0,0,0,0,2.0,42.00444369715,-87.662740389516
219,0451,Sun Yat-Sen,251 W 24TH PL,,1,0,3,0,0,3,0,0,0,0,0,2.0,41.848173787806,-87.633356512309
220,0452,Peterson,5801 N PULASKI RD,N3,1,1,2,1,8,10,1,0,1,2,3,41.1,41.786791897566,-87.722911537879
221,0453,Miami,2754 S TRUMBULL AVE,,1,0,2,0,0,2,0,0,0,0,0,3.0,41.841601240421,-87.711130366541
222,0457,Clark (Richard),3400 N ROCKWELL AVE,N4,1,1,4,0,5,9,0,0,0,0,0,2.0,41.94634192312,-87.694206037404
223,0459,Ashe Beach,2701 E 74TH ST,,1,0,3,0,0,3,0,0,0,0,0,2.9,41.762308647788,-87.558790409783
224,0462,Broadway Armory,5917 N BROADWAY ST,N5,0,1,0,0,6,6,0,0,0,0,0,7.6,41.989533980573,-87.660173665596
225,0465,Dearborn,865 S PARK TER,,1,0,3,1,0,3,1,0,0,0,0,2.0,41.870197201554,-87.629468174432
226,0479,Jones,1240 S PLYMOUTH CT,,1,0,2,0,0,2,0,0,0,0,0,2.0,41.866587855399,-87.628573486564
227,0480,Cotton Tail,44 W 15TH ST,,1,0,4,0,0,4,0,0,0,0,0,2.0,41.861980316907,-87.629426391798
228,0481,Ping Tom,1700 S WENTWORTH,C3,1,1,8,0,9,17,1,0,0,0,0,2.0,41.858543010367,-87.632026041478
229,0482,Nash Comm. Ctr.,1833 E 71ST ST,S3,0,1,0,0,8,8,0,0,0,0,0,11.5,41.765982305131,-87.57944833234
230,0485,Kennicott,4434 S LAKE PARK AVE,C6,0,1,0,0,12,12,0,0,0,7,7,390.0,41.813312547708,-87.596315749243
231,0486,Winnemac,5001 N LEAVITT ST,,1,0,3,0,0,3,0,0,0,0,0,2.0,41.972387667847,-87.684092862479
232,0487,Broncho Billy,4437 N MAGNOLIA AVE,,1,0,2,0,0,2,0,0,0,0,0,2.0,41.962383517898,-87.660900828815
233,0488,Challenger,1100 W IRVING PARK RD,,1,0,3,0,0,3,0,0,0,0,0,2.0,41.954512430505,-87.656826234597
234,0492,Armstrong,4433 S ST LAWRENCE,,1,0,2,0,0,2,0,0,0,0,0,2.0,41.8143852,-87.6103286
235,0494,Washington (Harold),5101 S HYDE PARK BLVD,,1,0,4,0,0,4,0,0,0,0,0,2.0,41.802486106582,-87.585126675376
236,0497,Starr,2306 W MAYPOLE AVE,,1,0,3,0,0,3,0,0,0,0,0,2.0,41.883937898053,-87.685519452249
237,0500,Park 500,730 S SPRINGFIELD AVE,,1,0,1,0,0,1,0,0,0,0,0,2.0,41.871989555566,-87.723007718124
238,0501,Parsons,4701 W BELMONT AVE,,1,0,3,0,0,3,0,0,0,0,0,2.0,41.938800846689,-87.744504735355
239,0504,Mandrake,900 E PERSHING RD.,C6,1,1,8,0,5,13,0,0,0,0,0,2.0,41.825055701747,-87.603850152518
240,0505,Nottingham,7101 W 63RD ST,,1,0,2,0,0,2,0,0,0,0,0,5.4,41.777259877426,-87.79961154094
241,0506,Harold Washington Meml.,7710 N PAULINA ST,,1,0,2,0,0,2,0,0,0,0,0,2.0,42.02135710271,-87.673154270657
242,0507,Coliseum,1466 S WABASH AV,,1,0,4,0,0,4,0,0,0,0,0,2.0,41.862984083126,-87.625803616686
243,0509,Renaissance,1300 W 79TH ST,,1,0,1,0,0,1,0,0,0,0,0,2.0,41.750500465526,-87.657452053221
244,0510,Livingston Field,2139 W LEXINGTON ST,,1,0,2,0,0,2,0,0,0,0,0,2.0,41.872273131761,-87.679836935934
245,0511,Ward,630 N KINGSBURY AVE,,1,0,5,0,0,5,0,0,0,0,0,2.0,41.892807349339,-87.641025437717
246,0513,Webster,1357 S INDIANA AVE,,1,0,2,0,0,2,0,0,0,0,0,2.0,41.864874376701,-87.622297180318
247,0514,Park 514,1434 N MONTICELLO AVE,,1,0,2,0,0,2,0,0,0,0,0,2.0,41.906939078745,-87.717979831379
248,0515,Homan Square,3559 W ARTHINGTON ST,C2,0,1,0,0,6,6,0,0,0,0,0,2.3,41.869901544345,-87.714665728991
249,0517,Park 517,5914-5924 N SHERIDAN RD,,1,0,2,0,0,2,0,0,0,0,0,2.0,41.989820911801,-87.655453901055
250,0519,Park 519,1944 S ST LOUIS AVE,,1,0,3,0,0,3,0,0,0,0,0,2.0,41.853965708527,-87.712477701761
251,0522,Wang,1719 W WOLFRAM ST,,1,0,3,0,0,3,0,0,0,0,0,2.0,41.933213135995,-87.67119035536
252,0524,Harris,6200 S DREXEL AVE,S3,0,1,0,0,13,13,0,1,0,3,3,100.0,41.782208833328,-87.60442269387
253,0526,Stone (Bernard),3150 W PETERSON AVE,,1,0,2,0,0,2,0,0,0,0,0,2.0,41.990453782312,-87.707033696418
254,0529,Park 529,2155 W WABANSIA AVE,,1,0,2,0,0,2,0,0,0,0,0,2.0,41.912601847685,-87.682049111893
255,0530,Daley,3150 S WESTERN AVE,,1,0,2,0,0,2,0,0,0,0,0,2.0,41.938817008802,-87.688238532816
256,0531,Palmisano,2859 S HALSTED ST,,1,0,2,0,0,2,0,0,0,0,0,2.4,41.842426449774,-87.646310065444
257,0532,Williams-Davis,4101 S LAKE PARK AVE,,1,0,2,0,0,2,0,0,0,0,0,2.0,41.819615885432,-87.600518485179
258,0533,North Park Village,5801 N PULASKI RD,N3,0,1,0,0,3,3,0,0,0,0,0,2.0,41.786791897566,-87.722911537879
259,0534,Park 534,1301 S ST LOUIS AVE,,1,0,4,0,0,4,0,0,0,0,0,2.0,41.864056624673,-87.71283627599
260,0535,Park 535,800 W WISCONSIN ST,,1,0,1,0,0,1,0,0,0,0,0,2.0,41.916068371852,-87.649001206136
261,0539,Palmer Square,2200 N KEDZIE AVE,,1,0,4,0,0,4,0,0,0,0,0,2.0,41.922135975935,-87.707560989567
262,0540,Park 540,2401 S FEDERAL,,1,0,6,0,0,6,0,0,0,0,0,2.0,41.8364578,-87.6289225
263,0541,Pritzker,310-56 S STATE,,1,0,2,0,0,2,0,0,0,0,0,2.0,41.7560961,-87.6247249
264,0542,Bartelme,115 S. SANGAMON ST,,1,0,3,0,0,3,0,0,0,0,0,2.0,41.880209485854,-87.650738381305
265,0544,Klein,3538-3540 N LINCOLN AVE,,1,0,3,0,0,3,0,0,0,0,0,2.0,41.945644531593,-87.672913528378
266,0546,Lake Shore East,450 E BENTON PLACE,,1,0,8,0,0,8,0,0,0,0,0,2.0,41.8854349,-87.6164075
267,0548,Major Taylor Bike Trail,10601 S MARTIN ST,,1,0,2,0,0,2,0,0,0,0,0,,41.700768882602,-87.655912520828
268,0549,Logan Skate Park,2430 W LOGAN BLVD,,1,0,2,0,0,2,0,0,0,0,0,2.0,41.928831930155,-87.690914371064
269,0550,Chicago Women's Park and Gardens,1801 S INDIANA AVE,C6,0,1,0,0,12,12,0,0,0,0,0,2.0,41.857846737203,-87.622165658859
270,0551,Park 551,353 N DES PLAINES,,1,0,3,0,0,3,0,0,0,0,0,2.0,41.888185085228,-87.644235996174
271,0552,Park 552,4901-09 W BELMONT AVE,,1,0,2,0,0,2,0,0,0,0,0,2.0,41.93873643878,-87.749416793019
272,0553,La Villita,2800 S SACRAMENTO,,1,0,8,0,0,8,0,0,0,0,0,2.0,41.84091551525,-87.700110290462
273,0554,De Burgos,1805 N ALBANY AVE,,1,0,3,0,0,3,0,0,0,0,0,2.0,41.914002836367,-87.705094394834
274,0556,Logan Dog Park,2529 W LOGAN BLVD (2531 N Artesian),,1,0,2,0,0,2,0,0,0,0,0,2.0,41.928189845532,-87.691278663115
275,0558,King-Lockhart,10609 S WESTERN,,1,0,2,0,0,2,0,0,0,0,0,2.7,41.700674417719,-87.681363323411
276,0560,Jesse White,410 W CHICAGO AVE,C3,0,1,0,0,5,5,0,0,0,0,0,2.0,41.896588439418,-87.638850449469
277,0561,Anderson (Fred),1629 S WABASH,,1,0,6,0,0,6,0,0,0,0,0,2.0,41.859834685874,-87.6255796524
278,0564,Big Marsh,1958 E 116th Street,,1,0,3,1,0,3,0,0,0,0,0,2.0,41.683763101623,-87.669258141381
279,0568,West Ridge Nature Park,5801 N WESTERN AVE,,1,0,2,0,0,2,0,0,0,0,0,2.0,41.986868455942,-87.689474548621
280,0569,Park 569,1358 W MONROE ST,,1,0,2,0,0,2,0,0,0,0,0,2.0,41.880326049167,-87.660954091364
281,0570,Donahue,1230 W SCHOOL ST,,1,0,3,0,0,3,0,0,0,0,0,2.0,41.941693052088,-87.660339433031
282,0571,Park 571,2828 S ELEANOR ST,C5,0,1,0,0,5,5,0,0,0,0,0,5.3,41.842897292666,-87.66346036532
283,0572,Bloomingdale Trail,1600-3750 W BLOOMINGDALE AVE,,1,0,9,0,0,9,0,0,0,0,0,2.0,41.9139278,-87.6946379
284,0574,Park 574,2554 W JACKSON BLVD,,1,0,3,0,0,3,0,0,0,0,0,2.0,41.877562445542,-87.690305100772
285,0577,Morgan Park Sports Center,11505 S WESTERN AVE,S4,0,1,0,0,6,6,0,0,0,0,0,2.0,41.684378227786,-87.680846812375
286,0578,West Haven,1919 W MAYPOLE AVE,,1,0,2,0,0,2,0,0,0,0,0,2.0,41.884031624895,-87.676002502923
287,0580,Park 580,4139 N OAK PARK AVE,,1,0,2,0,0,2,0,0,0,0,0,2.0,41.956195808153,-87.797243030854
288,0583,Park 583,10108 S EXCHANGE AVE,,1,0,2,0,0,2,0,0,0,0,0,2.0,41.711727103148,-87.55237933317
289,0590,Park 590,3938-40 S INDIANA AVE,,1,0,4,0,0,4,0,0,2,0,2,25.2,41.822975774162,-87.621659250045
290,0591,Park 591,3902 S LAKE PARK AVE,,1,0,6,0,0,6,0,0,0,0,0,2.0,41.824866511703,-87.60390754988
291,0592,Park 592,4149-53 S VINCENNES AVE,,1,0,6,0,0,6,0,0,0,0,0,2.0,41.819203487668,-87.613544170495
292,0593,Park 593,4546 N KEDVALE AVE,,1,0,3,0,0,3,0,0,0,0,0,2.0,41.963720533542,-87.731625374685
293,0596,Park 596,4830 S WESTERN AVE,,1,0,6,0,0,6,0,0,0,0,0,2.0,41.806017709312,-87.684431865993
294,1001,Rainbow Beach,2873 E 75TH ST,S6,1,1,5,0,6,11,2,0,1,0,1,35.4,41.7613236,-87.5557827
295,1002,Clarendon,4501 N CLARENDON AVE,N5,1,1,6,0,9,15,0,0,0,3,3,589.0,41.963728428542,-87.649891180718
296,1004,Bradley,9729 S YATES AVE,S6,1,1,4,1,3,7,2,1,0,2,2,143.0,41.718062205543,-87.564572145684
297,1006,Commercial Club,1845 W RICE ST,C1,1,1,3,0,3,6,0,0,0,0,0,3.1,41.896806849958,-87.674312589911
298,1008,Hermitage,5839 S WOOD ST,S2,1,1,3,0,1,4,1,0,0,1,1,48.4,41.787486042759,-87.669189095197
299,1010,Kenwood Community Center,1330 E 50TH ST,,1,0,7,1,0,7,1,0,0,0,0,8.2,41.804260313596,-87.594589635538
300,1011,Lawler,5210 W 64TH ST,S1,1,1,5,0,2,7,1,0,0,0,0,13.1,41.776060466405,-87.752433113339
301,1012,O'Hallaren,8335 S HONORE ST,S4,1,1,2,0,1,3,0,0,0,0,0,2.0,41.7666699,-87.669949
302,1013,Leone Beach,1222 W TOUHY AVE,N5,0,1,0,0,1,1,0,0,0,0,0,6.3,42.012903543917,-87.662566595456
303,1014,Sherwood,5705 S SHIELDS AVE,S2,1,1,6,1,5,11,0,0,0,0,0,13.4,41.790791056273,-87.633981667805
304,1015,Smith (Joseph Higgins),2526 W GRAND AVE,C1,1,1,6,0,3,9,1,0,0,0,0,3.6,41.891672017553,-87.689832957946
305,1016,Strohacker,4347 W 54TH ST,,1,0,1,0,0,1,0,0,1,0,1,30.7,41.794899870643,-87.732085652116
306,1017,Trebes,2250 N CLIFTON AVE,,1,0,3,1,0,3,0,0,0,0,0,2.0,41.922822375494,-87.657243099469
307,1018,Wilson Community Center,3225 S RACINE AVE,C5,0,1,0,0,1,1,0,0,0,0,0,4.6,41.835361272437,-87.655875998944
308,1019,Adams (George & Adele),1919 N SEMINARY AVE,N6,1,1,4,1,2,6,1,1,0,2,2,21.0,41.917021967073,-87.655304310835
309,1020,Anderson,3748 S PRAIRIE AVE,C6,1,1,3,1,2,5,1,0,1,0,1,128.0,41.8271095693,-87.62053986672
310,1021,Augusta,4431 W AUGUSTA BLVD,C1,1,1,3,0,1,4,1,1,1,1,2,57.6,41.898771943942,-87.737669162902
311,1022,Barrett,2022 W CERMAK RD,C2,1,1,1,0,1,2,0,0,0,0,0,2.0,41.852225552215,-87.676433566552
312,1024,Bosley,3044 S BONFIELD ST,,1,0,3,1,0,3,1,0,0,0,0,2.9,41.839197415464,-87.653623398527
313,1025,Taylor-Lauridsen,704 W 42ND ST,C5,1,1,3,0,6,9,0,0,0,0,0,2.0,41.817647041779,-87.644040499575
314,1026,Clark (John),4615 W JACKSON BLVD,C2,1,1,2,0,2,4,0,0,0,0,0,5.4,41.876844857085,-87.740864751749
315,1027,Dean,1356 N DEAN ST,,1,0,3,0,0,3,0,0,0,0,0,2.0,41.906984704539,-87.670672117855
316,1028,Micek,5311 S HAMILTON AVE,,1,0,3,0,0,3,0,0,0,0,0,2.0,41.796932152123,-87.677935389862
317,1029,Donovan,3620 S LITUANICA AVE,C5,1,1,1,0,1,2,0,0,1,0,1,15.4,41.828511785895,-87.647756078929
318,1030,Fosco,1313 S THROOP ST,C3,1,1,4,0,15,19,0,0,0,0,0,2.0,41.864779049774,-87.658738920187
319,1031,Gross,2708 W LAWRENCE AVE,,1,0,2,0,0,2,0,0,0,0,0,7.9,41.968604723564,-87.696628957363
320,1032,Haas,2402 N WASHTENAW AVE,N6,1,1,3,0,6,9,0,0,0,0,0,2.0,41.925316755862,-87.695064818733
321,1033,Harding (George),4912 S CALUMET AVE,,1,0,1,0,0,1,0,0,0,0,0,3.6,41.805453144727,-87.618129101373
322,1036,Hoyne,3417 S HAMILTON AVE,C5,1,1,3,1,1,4,1,0,0,1,1,26.4,41.831926354601,-87.678916544095
323,1038,Indian Road,6010 W MATSON AVE,N1,1,1,3,0,2,5,0,0,3,1,4,42.7,41.992503741286,-87.779059845676
324,1039,Kedvale,4140 W HIRSCH ST,C1,1,1,3,0,1,4,0,0,0,1,1,81.2,41.90629044285,-87.730249761293
325,1040,Kells,3201 W CHICAGO AVE,,1,0,1,0,0,1,1,0,0,0,0,,41.895483852053,-87.707852198217
326,1042,Ken-Well,2945 N KENOSHA AVE,N2,1,1,3,1,2,5,1,1,0,1,1,19.5,41.934643127958,-87.733786297613
327,1043,Willye White,1610 W HOWARD,N5,1,1,2,0,5,7,0,0,0,0,0,2.0,42.019429420206,-87.670998702649
328,1044,Lowe,5203 S LOWE AVE,S2,1,1,3,0,3,6,0,0,0,0,0,2.3,41.79973278554,-87.641569293948
329,1045,Maplewood,1640 N MAPLEWOOD AVE,,1,0,3,1,0,3,1,0,0,0,0,2.0,41.911095541959,-87.690981431828
330,1046,Marshfield,1637 W 87TH ST,,1,0,2,0,0,2,0,0,0,0,0,14.6,41.735722125421,-87.663528498109
331,1047,Garibaldi,1520 W POLK ST,,1,0,1,0,0,1,0,0,0,0,0,8.9,41.871711905342,-87.664665646986
332,1048,Memorial,149 W 73RD ST,,1,0,2,0,0,2,0,0,0,0,0,2.0,41.76177048153,-87.627773337357
333,1049,Meyering,7140 S DR MARTIN LUTHER KING J,S3,1,1,3,0,1,4,0,0,0,1,1,31.5,41.76495119131,-87.615333561274
334,1050,Moore,5085 W ADAMS ST,C2,1,1,3,0,2,5,0,0,0,0,0,2.0,41.878444674521,-87.752858484852
335,1051,Moran,5727 S RACINE AVE,S2,1,1,1,0,1,2,0,0,0,0,0,14.8,41.79001201945,-87.654689219419
336,1052,Munroe,2617 W 105TH ST,S4,1,1,4,0,1,5,0,0,0,0,0,14.3,41.7026303063,-87.68678471845
337,1054,Normandy,6660 W 52ND ST,S1,1,1,6,1,2,8,2,1,3,2,5,24.0,41.797819707653,-87.788427780444
338,1055,Little Venice,2251 W 50TH PL,,1,0,1,0,0,1,0,0,1,0,1,18.2,41.802005286507,-87.681515158523
339,1057,Paschen,1932 W LUNT AVE,,1,0,1,0,0,1,0,0,1,0,1,77.3,42.008958244952,-87.678765761513
340,1060,McKiernan,10714 S SAWYER AVE,S4,1,1,1,0,2,3,0,0,1,0,1,45.0,41.698604033187,-87.702359257918
341,1061,Schreiber,1552 W SCHREIBER AVE,N4,1,1,5,0,1,6,1,0,0,0,0,2.0,41.999042180118,-87.6692767292
342,1062,Kucinski-Murphy,1635 W 33RD PL,,1,0,1,0,0,1,1,0,0,0,0,,41.833188276988,-87.666718214264
343,1064,Tilton,305 N KOSTNER,,1,0,1,0,0,1,0,0,0,0,0,2.0,41.885450596248,-87.735553257821
344,1067,Veterans' Memorial,2820 E 98TH ST,S6,1,1,3,0,1,4,0,0,0,1,1,22.2,41.717344465591,-87.555428415221
345,1070,Washtenaw,2521 S WASHTENAW AVE,,1,0,3,0,0,3,0,0,0,0,0,3.2,41.845817309411,-87.692749133485
346,1071,Wilson (John),1122 W 34TH PL,C5,1,1,2,0,1,3,1,0,2,0,2,39.2,41.831620280094,-87.654327467592
347,1072,Wolfe,3325 E 108TH ST,S6,1,1,1,0,1,2,0,0,0,1,1,106.0,41.69907687669,-87.543585968172
348,1073,Woodhull,7340 S EAST END AVE,S3,1,1,3,0,4,7,0,0,0,0,0,2.0,41.761682867821,-87.583633473721
349,1074,Wrightwood,2534 N GREENVIEW AVE,,1,0,4,0,0,4,0,0,0,0,0,2.0,41.927584049415,-87.665898716718
350,1079,Krause,10558 S AVENUE L,,1,0,3,0,0,3,1,0,0,0,0,2.0,41.703499409224,-87.536568538174
351,1083,Bixler,5641 S KENWOOD AVE,,1,0,2,0,0,2,0,0,0,0,0,2.0,41.792854758601,-87.593172991634
352,1084,Buena Circle,1049 W BUENA,,1,0,2,0,0,2,0,0,0,0,0,,41.958362452519,-87.655303600774
353,1092,Davis,5427 W DIVISION ST,,1,0,1,0,0,1,0,0,0,0,0,9.8,41.902123841464,-87.761736349003
354,1098,Emerald,5600 S EMERALD AVE,,1,0,1,0,0,1,0,0,0,0,0,,41.792387781526,-87.643968620459
355,1100,Fellger,2012 W BELMONT AVE,,1,0,2,0,0,2,0,0,0,0,0,2.0,41.939626434272,-87.67870943518
356,1106,Harding (Frederick),3921 W DIVISION ST,,1,0,1,0,0,1,0,0,0,0,0,2.0,41.90262985177,-87.724702084924
357,1107,Zatterberg,4246 N HERMITAGE AVE,,1,0,2,0,0,2,0,0,0,0,0,2.0,41.958762026553,-87.672406636725
358,1111,Hansberry,5635 S INDIANA AVE,,1,0,2,0,0,2,1,0,0,0,0,2.0,41.792272815807,-87.620706481206
359,1113,Jefferson (Thomas),1640 S JEFFERSON ST,,1,0,3,0,0,3,0,0,0,0,0,2.0,41.859373342097,-87.641999007925
360,1118,Langley,11255 S. LANGLEY AVE,,1,0,5,0,0,5,0,0,0,0,0,2.5,41.690017109133,-87.605864021681
361,1122,Luella,10021 S LUELLA AVE,,1,0,2,0,0,2,0,0,0,0,0,4.1,41.712710695036,-87.568125429815
362,1123,Lunt,2239 W LUNT AVE,,1,0,1,0,0,1,0,0,0,0,0,2.0,42.008686160706,-87.686844895737
363,1124,Merryman,3736 N MARSHFIELD AVE,,1,0,3,0,0,3,0,0,0,0,0,2.0,41.94984532513,-87.6702278948
364,1126,Merrill,2154 E 97TH ST,,1,0,1,0,0,1,0,0,0,0,0,2.0,41.718914989238,-87.572222550529
365,1130,Monticello,1814 N MONTICELLO AVE,,1,0,1,0,0,1,0,0,0,0,0,2.0,41.914005050463,-87.717971053876
366,1132,Morgan Field,11710 S MORGAN ST,,1,0,1,0,0,1,0,0,1,0,1,2340.0,41.681064310093,-87.64696364289
367,1135,Weisman,901 W OAKDALE AVE,,1,0,3,0,0,3,0,0,0,0,0,2.0,41.935351826305,-87.651603950249
368,1138,Ohio & Harding,607 N HARDING AVE,,1,0,2,0,0,2,0,0,0,0,0,2.0,41.892118381048,-87.724692394977
369,1139,Ohio,4712 W OHIO ST,,1,0,3,0,0,3,0,0,0,0,0,2.2,41.891464679212,-87.74396095092
370,1141,Brynford,5640 N PULASKI RD,,1,0,2,0,0,2,0,0,0,0,0,2.0,41.983443834091,-87.728525942748
371,1150,Superior,2101 W SUPERIOR ST,,1,0,2,0,0,2,0,0,0,0,0,2.0,41.894889850578,-87.679547205895
372,1154,Till-Mobley,6410 S ELLIS AVE,,1,0,3,1,0,3,1,0,1,0,1,52.0,41.778345510561,-87.600484008008
373,1155,Sintic,2835 S WALLACE ST,,1,0,3,1,0,3,1,0,0,0,0,2.0,41.842352660517,-87.641433760631
374,1159,Throop,1811 S THROOP ST,,1,0,1,0,0,1,0,0,0,0,0,,41.857591449886,-87.658787680366
375,1161,Algonquin,2941 N WASHTENAW AVE,,1,0,3,0,0,3,0,0,0,0,0,3.8,41.93467660016,-87.695176963903
376,1164,Mason,4100 W WEST END AVE,,1,0,2,0,0,2,0,0,0,0,0,2.0,41.883391912759,-87.728276437891
377,1201,Arcade,11144 S ST LAWRENCE AVE,,1,0,1,0,0,1,0,0,0,0,0,10.4,41.691646147831,-87.608468898716
378,1204,Austin,5951 W LAKE ST,,1,0,3,0,0,3,0,0,0,0,0,2.0,41.887924841932,-87.77351268412
379,1205,Barnard,10441 S LONGWOOD DR,,1,0,2,0,0,2,0,0,0,0,0,3.8,41.70399710173,-87.670753191829
380,1210,Dixon,8931 S DAUPHIN AVE,,1,0,3,1,0,3,1,0,0,0,0,3.6,41.732062545654,-87.602159583039
381,1211,Dickinson,4117 N LAVERGNE AVE,,1,0,3,1,0,3,1,0,0,0,0,2.0,41.955441568677,-87.752206929374
382,1213,Ellis,707 E 37TH ST,C6,1,1,1,0,11,12,0,0,1,0,1,190.0,41.828100736695,-87.607398339401
383,1219,Mellin,5553 N ASHLAND AVE,,1,0,3,0,0,3,0,0,0,0,0,2.0,41.982133289326,-87.669705208897
384,1220,Levin,5458 W KINZIE PARKWAY,,1,0,1,0,0,1,0,0,0,0,0,2.0,41.887778008224,-87.762086363109
385,1224,Jane Addams Meml.,550 E GRAND AVE,,1,0,1,0,0,1,0,0,0,0,0,,41.892187438564,-87.609927254642
386,1225,Harris Meml.,6701 S LOWE AVE,,1,0,2,0,0,2,0,0,0,0,0,2.0,41.772473493621,-87.640934315145
387,1242,Seneca,228 E CHICAGO AVE,,1,0,2,0,0,2,0,0,0,0,0,2.0,41.896799143972,-87.623521121729
388,1244,Washington Square,901 N CLARK ST,,1,0,2,0,0,2,0,0,0,0,0,2.0,41.899847678706,-87.631253972928
389,1248,Hartigan Beach,1040 W ALBION AVE,,1,0,4,0,0,4,0,0,0,0,0,2.0,42.002646403218,-87.658185484066
390,1255,Berger,6227 N SHERIDAN RD,N5,1,1,3,0,3,6,0,0,0,1,1,73.6,41.995107812155,-87.655465904477
391,1257,Griffin,1234 W JARVIS AVE,,1,0,1,0,0,1,0,0,1,0,1,113.0,42.016180183252,-87.66371933817
392,1258,Juneway Beach,7751 N EASTLAKE TER,,1,0,1,0,0,1,0,0,0,0,0,12.9,42.021813965486,-87.665361923628
393,1262,Rogers Beach,7705 N EASTLAKE TERRACE,,1,0,2,0,0,2,0,0,2,0,2,330.0,42.021024305651,-87.665038386057
394,1265,Lane Beach,5915 N SHERIDAN RD,,1,0,3,0,0,3,0,0,0,0,0,8.1,41.989675677253,-87.655295024913
395,1268,Midway Plaisance,5950 S WOODLAWN AVE,S3,1,1,4,0,3,7,1,0,0,0,0,12.9,41.785515855713,-87.596397541984
396,1269,Petrillo Band Shell,235 S COLUMBUS DR,C3,0,1,0,0,3,3,0,0,0,2,2,26.9,41.879850850993,-87.620676521994
397,1270,Jonquil,1023 W WRIGHTWOOD AVE,,1,0,3,0,0,3,0,0,0,0,0,2.0,41.928916895037,-87.655778492479
398,1272,Butternut,5324 S WOODLAWN AVE,,1,0,2,0,0,2,1,0,0,0,0,2.0,41.798771573532,-87.596703707376
399,1273,Sumac,4201 S CHAMPLAIN AVE,,1,0,6,1,0,6,1,0,0,0,0,2.0,41.818480964973,-87.610379926889
400,1277,Clover,2210 N SOUTHPORT AVE,,1,0,2,0,0,2,0,0,0,0,0,14.6,41.921838107828,-87.663280627665
401,1281,Filbert,1822 W LARCHMONT AVE,,1,0,3,0,0,3,0,0,0,0,0,2.0,41.953323583923,-87.675274211705
402,1287,Pine,9507 S OGLESBY AVE,,1,0,2,0,0,2,0,0,0,0,0,3.2,41.722463406141,-87.565822536113
