timestamp,fountain_id,park_id,correction_type,lat,lng,notes,name,email
2026-06-12T19:27:12.091094+00:00,0085-01-01,0085,fountain_is_on,41.95667272839891,-87.74175998335522,Running continuous,Scott,
2026-06-06T17:16:19.108652+00:00,0040-05-02,0040,,41.974295437039785,-87.7320054968099,Middle is bottle filler,Scott,
2026-06-01T18:15:39.064226+00:00,0083-03-01,0083,,41.95289397794031,-87.72347853192369,,Scott Beslow,
2026-05-31T17:50:53.587301+00:00,0040-01-01,0040,,41.97665310536709,-87.73790596347017,,Scott,
2026-05-31T17:24:01.051557+00:00,0040-03-01,0040,,41.975652730595044,-87.73668927466261,,Scott,
2026-05-29T00:20:08.021495+00:00,0084-05-01,0084,,41.944148977307435,-87.7390770264137,Works,Scott,
2026-05-27T15:36:10.106257+00:00,0186-01-01,0186,other,41.97551909265685,-87.70216610142666,"Continuous run, broken",Scott,
2026-05-27T14:07:33.457066+00:00,0186-10-01,0186,fountain_is_on,41.973838620681384,-87.70199275486051,,Scott,
2026-05-27T14:07:02.383326+00:00,0186-09-01,0186,fountain_is_off,41.97398417751787,-87.70181797388278,Broken on 5/27,Scott,
